,idx,question,answer
0,19873.0,"Register to change name, head office address, production and business industry, charter capital, legal representative; name, address, branch representative, representative office of the cooperative union, People's Credit Fund","Register to change name, head office address, production and business industry, charter capital, legal representative; name, address, branch representative, representative office of the cooperative union, People's Credit Fund |receiver_place:  |time_process:  |cost:  |link: https://dichvucong.thuathienhue.gov.vn/tthc/pid/19873"
1,19873.0,How to register to change information of cooperative unions,"Register to change name, head office address, production and business industry, charter capital, legal representative; name, address, branch representative, representative office of the cooperative union, People's Credit Fund |receiver_place:  |time_process:  |cost:  |link: https://dichvucong.thuathienhue.gov.vn/tthc/pid/19873"
2,19873.0,How to change business information of cooperative unions,"Register to change name, head office address, production and business industry, charter capital, legal representative; name, address, branch representative, representative office of the cooperative union, People's Credit Fund |receiver_place:  |time_process:  |cost:  |link: https://dichvucong.thuathienhue.gov.vn/tthc/pid/19873"
3,19873.0,Procedures for changing information of cooperative unions,"Register to change name, head office address, production and business industry, charter capital, legal representative; name, address, branch representative, representative office of the cooperative union, People's Credit Fund |receiver_place:  |time_process:  |cost:  |link: https://dichvucong.thuathienhue.gov.vn/tthc/pid/19873"
4,19873.0,How to register to change People's Credit Fund information,"Register to change name, head office address, production and business industry, charter capital, legal representative; name, address, branch representative, representative office of the cooperative union, People's Credit Fund |receiver_place:  |time_process:  |cost:  |link: https://dichvucong.thuathienhue.gov.vn/tthc/pid/19873"
5,19873.0,How to change business information of the People's Credit Fund,"Register to change name, head office address, production and business industry, charter capital, legal representative; name, address, branch representative, representative office of the cooperative union, People's Credit Fund |receiver_place:  |time_process:  |cost:  |link: https://dichvucong.thuathienhue.gov.vn/tthc/pid/19873"
6,19873.0,Procedures for changing information of the People's Credit Fund,"Register to change name, head office address, production and business industry, charter capital, legal representative; name, address, branch representative, representative office of the cooperative union, People's Credit Fund |receiver_place:  |time_process:  |cost:  |link: https://dichvucong.thuathienhue.gov.vn/tthc/pid/19873"
7,17338.0,Register to change the content of business household registration,"Register to change the content of business household registration |receiver_place: Provincial public administration center |time_process: 3 days |cost: 30,000 VND/time |link: https://dichvucong.thuathienhue.gov.vn/tthc/pid/17338"
8,17338.0,Dossier for changing business household registration,"Register to change the content of business household registration |receiver_place: Provincial public administration center |time_process: 3 days |cost: 30,000 VND/time |link: https://dichvucong.thuathienhue.gov.vn/tthc/pid/17338"
9,17338.0,I need to change the content of business household registration,"Register to change the content of business household registration |receiver_place: Provincial public administration center |time_process: 3 days |cost: 30,000 VND/time |link: https://dichvucong.thuathienhue.gov.vn/tthc/pid/17338"
10,17338.0,What should I do if I change my business registration?,"Register to change the content of business household registration |receiver_place: Provincial public administration center |time_process: 3 days |cost: 30,000 VND/time |link: https://dichvucong.thuathienhue.gov.vn/tthc/pid/17338"
11,17338.0,Procedures for registering changes to business household registration content,"Register to change the content of business household registration |receiver_place: Provincial public administration center |time_process: 3 days |cost: 30,000 VND/time |link: https://dichvucong.thuathienhue.gov.vn/tthc/pid/17338"
12,17338.0,Regulations when changing the content of business household registration,"Register to change the content of business household registration |receiver_place: Provincial public administration center |time_process: 3 days |cost: 30,000 VND/time |link: https://dichvucong.thuathienhue.gov.vn/tthc/pid/17338"
13,17338.0,Conditions for changing the content of business household registration,"Register to change the content of business household registration |receiver_place: Provincial public administration center |time_process: 3 days |cost: 30,000 VND/time |link: https://dichvucong.thuathienhue.gov.vn/tthc/pid/17338"
14,17338.0,Requirements when changing the content of business household registration,"Register to change the content of business household registration |receiver_place: Provincial public administration center |time_process: 3 days |cost: 30,000 VND/time |link: https://dichvucong.thuathienhue.gov.vn/tthc/pid/17338"
15,17981.0,Appraisal of project investment policy,Appraisal of project investment policy |receiver_place: Provincial public administration center |time_process: See procedure details |cost: See procedure details |link: https://dichvucong.thuathienhue.gov.vn/tthc/pid/17981
16,17981.0,Does project investment require appraisal?,Appraisal of project investment policy |receiver_place: Provincial public administration center |time_process: See procedure details |cost: See procedure details |link: https://dichvucong.thuathienhue.gov.vn/tthc/pid/17981
17,17981.0,Procedures for appraising project investment policies,Appraisal of project investment policy |receiver_place: Provincial public administration center |time_process: See procedure details |cost: See procedure details |link: https://dichvucong.thuathienhue.gov.vn/tthc/pid/17981
18,17981.0,Dossier for appraisal of project investment policy,Appraisal of project investment policy |receiver_place: Provincial public administration center |time_process: See procedure details |cost: See procedure details |link: https://dichvucong.thuathienhue.gov.vn/tthc/pid/17981
19,17981.0,How is the project investment policy evaluated?,Appraisal of project investment policy |receiver_place: Provincial public administration center |time_process: See procedure details |cost: See procedure details |link: https://dichvucong.thuathienhue.gov.vn/tthc/pid/17981
20,17981.0,Information on project investment policy appraisal,Appraisal of project investment policy |receiver_place: Provincial public administration center |time_process: See procedure details |cost: See procedure details |link: https://dichvucong.thuathienhue.gov.vn/tthc/pid/17981
21,17981.0,Project investment appraisal procedures,Appraisal of project investment policy |receiver_place: Provincial public administration center |time_process: See procedure details |cost: See procedure details |link: https://dichvucong.thuathienhue.gov.vn/tthc/pid/17981
22,17981.0,Procedures for appraising investment direction for projects,Appraisal of project investment policy |receiver_place: Provincial public administration center |time_process: See procedure details |cost: See procedure details |link: https://dichvucong.thuathienhue.gov.vn/tthc/pid/17981
23,17981.0,Investing in construction projects requires appraisal of policies,Appraisal of project investment policy |receiver_place: Provincial public administration center |time_process: See procedure details |cost: See procedure details |link: https://dichvucong.thuathienhue.gov.vn/tthc/pid/17981
24,10807.0,Does project investment require appraisal?,
25,10807.0,Procedures for appraising project investment policies,
26,10807.0,Dossier for appraisal of project investment policy,
27,10807.0,How is the project investment policy evaluated?,
28,10807.0,Information on project investment policy appraisal,
29,8926.0,Procedures for appraising project investment policy,
30,8926.0,How to apply for project investment policy appraisal,
31,8922.0,Procedures for appraising project investment policies,
32,8922.0,Steps to evaluate project investment policy,
33,17717.0,"Termination of branch operations, representative offices, and business locations","Termination of branch operations, representative offices, and business locations |receiver_place: Provincial public administration center |time_process: 5 days |cost: 50,000 VND/time |link: https://dichvucong.thuathienhue.gov.vn/tthc/pid/17717"
34,17717.0,Termination of operations of a business branch,"Termination of branch operations, representative offices, and business locations |receiver_place: Provincial public administration center |time_process: 5 days |cost: 50,000 VND/time |link: https://dichvucong.thuathienhue.gov.vn/tthc/pid/17717"
35,17717.0,Termination of business location operations,"Termination of branch operations, representative offices, and business locations |receiver_place: Provincial public administration center |time_process: 5 days |cost: 50,000 VND/time |link: https://dichvucong.thuathienhue.gov.vn/tthc/pid/17717"
36,12343.0,Submit for approval of project adjustments and technical and economic reports (Group C),Submit for approval of project adjustments and technical and economic reports (Group C) |receiver_place: Provincial public administration center |time_process: 35 days |cost: See procedure details |link: https://dichvucong.thuathienhue.gov.vn/tthc/pid/12343
37,12343.0,Procedures for approval of group C projects,Submit for approval of project adjustments and technical and economic reports (Group C) |receiver_place: Provincial public administration center |time_process: 35 days |cost: See procedure details |link: https://dichvucong.thuathienhue.gov.vn/tthc/pid/12343
38,12343.0,Procedures for submitting and approving adjustments to technical and economic reports of group C,Submit for approval of project adjustments and technical and economic reports (Group C) |receiver_place: Provincial public administration center |time_process: 35 days |cost: See procedure details |link: https://dichvucong.thuathienhue.gov.vn/tthc/pid/12343
39,12343.0,Dossier submitted for approval to adjust group C projects,Submit for approval of project adjustments and technical and economic reports (Group C) |receiver_place: Provincial public administration center |time_process: 35 days |cost: See procedure details |link: https://dichvucong.thuathienhue.gov.vn/tthc/pid/12343
40,12343.0,Dossier submitted for approval of adjustment of group C economic and technical report,Submit for approval of project adjustments and technical and economic reports (Group C) |receiver_place: Provincial public administration center |time_process: 35 days |cost: See procedure details |link: https://dichvucong.thuathienhue.gov.vn/tthc/pid/12343
41,12343.0,Steps to submit group C projects for approval,Submit for approval of project adjustments and technical and economic reports (Group C) |receiver_place: Provincial public administration center |time_process: 35 days |cost: See procedure details |link: https://dichvucong.thuathienhue.gov.vn/tthc/pid/12343
42,12343.0,Steps for submitting and approving adjustments to technical and economic reports of group C,Submit for approval of project adjustments and technical and economic reports (Group C) |receiver_place: Provincial public administration center |time_process: 35 days |cost: See procedure details |link: https://dichvucong.thuathienhue.gov.vn/tthc/pid/12343
43,12343.0,want to submit project adjustments and group C technical and economic reports for approval,Submit for approval of project adjustments and technical and economic reports (Group C) |receiver_place: Provincial public administration center |time_process: 35 days |cost: See procedure details |link: https://dichvucong.thuathienhue.gov.vn/tthc/pid/12343
44,12344.0,Submit for approval of project adjustments and technical and economic reports (Group B),Submit for approval of project adjustments and technical and economic reports (Group B) |receiver_place: Provincial public administration center |time_process: 45 days |cost: See procedure details |link: https://dichvucong.thuathienhue.gov.vn/tthc/pid/12344
45,12344.0,Procedures for approval of group B projects,Submit for approval of project adjustments and technical and economic reports (Group B) |receiver_place: Provincial public administration center |time_process: 45 days |cost: See procedure details |link: https://dichvucong.thuathienhue.gov.vn/tthc/pid/12344
46,12344.0,Procedures for submitting and approving adjustments to technical and economic reports of group B,Submit for approval of project adjustments and technical and economic reports (Group B) |receiver_place: Provincial public administration center |time_process: 45 days |cost: See procedure details |link: https://dichvucong.thuathienhue.gov.vn/tthc/pid/12344
47,12344.0,Dossier submitted for approval to adjust group B projects,Submit for approval of project adjustments and technical and economic reports (Group B) |receiver_place: Provincial public administration center |time_process: 45 days |cost: See procedure details |link: https://dichvucong.thuathienhue.gov.vn/tthc/pid/12344
48,12344.0,Dossier submitted for approval to adjust technical and economic report group B,Submit for approval of project adjustments and technical and economic reports (Group B) |receiver_place: Provincial public administration center |time_process: 45 days |cost: See procedure details |link: https://dichvucong.thuathienhue.gov.vn/tthc/pid/12344
49,12344.0,Steps to submit group B projects for approval,Submit for approval of project adjustments and technical and economic reports (Group B) |receiver_place: Provincial public administration center |time_process: 45 days |cost: See procedure details |link: https://dichvucong.thuathienhue.gov.vn/tthc/pid/12344
50,12344.0,Steps for submitting and approving adjustments to technical and economic reports of group B,Submit for approval of project adjustments and technical and economic reports (Group B) |receiver_place: Provincial public administration center |time_process: 45 days |cost: See procedure details |link: https://dichvucong.thuathienhue.gov.vn/tthc/pid/12344
51,12344.0,I want to submit project adjustments and group B technical and economic reports for approval,Submit for approval of project adjustments and technical and economic reports (Group B) |receiver_place: Provincial public administration center |time_process: 45 days |cost: See procedure details |link: https://dichvucong.thuathienhue.gov.vn/tthc/pid/12344
52,12358.0,Procedures for approving adjustments to group C projects,
53,12358.0,Procedures for approving adjustments to technical and economic reports of group C,
54,12358.0,Dossier approving adjustments to group C projects,
55,12358.0,Dossier for approval of adjustment of group C economic and technical report,
56,12358.0,Steps to approve adjustments to group C projects,
57,12358.0,Steps to approve adjustments to technical and economic reports of group C,
58,12358.0,Please approve project adjustments and group C technical and economic reports,
59,12341.0,"Project approval, technical economic report (group B)","Project approval, technical economic report (group B) |receiver_place: Provincial public administration center |time_process: 45 days |cost: See procedure details |link: https://dichvucong.thuathienhue.gov.vn/tthc/pid/12341"
60,12341.0,Procedures for approving adjustments to group B projects,"Project approval, technical economic report (group B) |receiver_place: Provincial public administration center |time_process: 45 days |cost: See procedure details |link: https://dichvucong.thuathienhue.gov.vn/tthc/pid/12341"
61,12341.0,Procedures for approving adjustments to technical and economic reports of group B,"Project approval, technical economic report (group B) |receiver_place: Provincial public administration center |time_process: 45 days |cost: See procedure details |link: https://dichvucong.thuathienhue.gov.vn/tthc/pid/12341"
62,12341.0,Dossier approving adjustments to group B projects,"Project approval, technical economic report (group B) |receiver_place: Provincial public administration center |time_process: 45 days |cost: See procedure details |link: https://dichvucong.thuathienhue.gov.vn/tthc/pid/12341"
63,12341.0,Dossier for approval of adjustment of group B technical and economic report,"Project approval, technical economic report (group B) |receiver_place: Provincial public administration center |time_process: 45 days |cost: See procedure details |link: https://dichvucong.thuathienhue.gov.vn/tthc/pid/12341"
64,12341.0,Steps to approve adjustments to group B projects,"Project approval, technical economic report (group B) |receiver_place: Provincial public administration center |time_process: 45 days |cost: See procedure details |link: https://dichvucong.thuathienhue.gov.vn/tthc/pid/12341"
65,12341.0,Steps to approve adjustments to technical and economic reports of group B,"Project approval, technical economic report (group B) |receiver_place: Provincial public administration center |time_process: 45 days |cost: See procedure details |link: https://dichvucong.thuathienhue.gov.vn/tthc/pid/12341"
66,12341.0,Please approve project adjustments and group B technical and economic reports,"Project approval, technical economic report (group B) |receiver_place: Provincial public administration center |time_process: 45 days |cost: See procedure details |link: https://dichvucong.thuathienhue.gov.vn/tthc/pid/12341"
67,14164.0,"Procedures for project approval, group C economic and technical report",
68,14164.0,Steps to apply for project approval and group C economic and technical report,
69,14161.0,"Procedures for project approval, group B economic and technical report",
70,14161.0,Steps to apply for project approval and group B technical economic report,
71,14162.0,How to submit project adjustments and group C technical and economic reports for approval,
72,14162.0,Steps to submit for approval project adjustments and group C economic and technical reports,
73,14163.0,How to submit project adjustments and group B technical and economic reports for approval,
74,14163.0,Steps for submitting projects for approval and technical and economic reports of group B,
75,9663.0,How to evaluate the project construction contractor selection plan?,
76,9663.0,Procedures for appraising plans to select construction contractors,
77,9663.0,Dossier for appraisal of construction contractor selection plan,
78,9663.0,How is the construction contractor selection plan evaluated?,
79,9663.0,Construction contractor appraisal procedures,
80,9663.0,Choosing a construction contractor requires how to evaluate the plan,
81,9663.0,Information on appraisal of construction contractor selection plans,
82,10811.0,Evaluate the contractor selection plan,Evaluate the contractor selection plan |receiver_place: Provincial public administration center |time_process: 20 days |cost: Fee waived |link: https://dichvucong.thuathienhue.gov.vn/tthc/pid/10811
83,10811.0,How should the contractor selection plan be evaluated?,Evaluate the contractor selection plan |receiver_place: Provincial public administration center |time_process: 20 days |cost: Fee waived |link: https://dichvucong.thuathienhue.gov.vn/tthc/pid/10811
84,10811.0,Procedures for evaluating contractor selection plans,Evaluate the contractor selection plan |receiver_place: Provincial public administration center |time_process: 20 days |cost: Fee waived |link: https://dichvucong.thuathienhue.gov.vn/tthc/pid/10811
85,10811.0,Documents for appraisal of contractor selection plan,Evaluate the contractor selection plan |receiver_place: Provincial public administration center |time_process: 20 days |cost: Fee waived |link: https://dichvucong.thuathienhue.gov.vn/tthc/pid/10811
86,10811.0,How is the contractor selection plan evaluated?,Evaluate the contractor selection plan |receiver_place: Provincial public administration center |time_process: 20 days |cost: Fee waived |link: https://dichvucong.thuathienhue.gov.vn/tthc/pid/10811
87,10811.0,Contractor appraisal procedures,Evaluate the contractor selection plan |receiver_place: Provincial public administration center |time_process: 20 days |cost: Fee waived |link: https://dichvucong.thuathienhue.gov.vn/tthc/pid/10811
88,12130.0,Please evaluate the plan to select a construction contractor,
89,12130.0,Documents for appraisal of project construction contractor selection plan,
90,12130.0,How to evaluate the plan to select a construction contractor,
91,12130.0,Procedures for appraising plans for selecting construction contractors,
92,12130.0,Steps to evaluate the project construction contractor selection plan,
93,12130.0,Documents for appraisal of project construction contractor selection plan,
94,8925.0,Procedures for appraising plans to select construction contractors,
95,8925.0,How to apply for appraisal of the plan to select a construction contractor,
96,8930.0,Evaluate the contractor selection plan,Evaluate the contractor selection plan |receiver_place: Provincial public administration center |time_process: 5 days |cost: Fee waived |link: https://dichvucong.thuathienhue.gov.vn/tthc/pid/8930
97,8930.0,Procedures for appraising the contractor selection plan,Evaluate the contractor selection plan |receiver_place: Provincial public administration center |time_process: 5 days |cost: Fee waived |link: https://dichvucong.thuathienhue.gov.vn/tthc/pid/8930
98,8930.0,How to apply for appraisal of contractor selection plan,Evaluate the contractor selection plan |receiver_place: Provincial public administration center |time_process: 5 days |cost: Fee waived |link: https://dichvucong.thuathienhue.gov.vn/tthc/pid/8930
99,10809.0,Project approver.,Project approver. |receiver_place: Provincial public administration center |time_process: 20 days |cost: Fee waived |link: https://dichvucong.thuathienhue.gov.vn/tthc/pid/10809
100,10809.0,What documents are required for project approval?,Project approver. |receiver_place: Provincial public administration center |time_process: 20 days |cost: Fee waived |link: https://dichvucong.thuathienhue.gov.vn/tthc/pid/10809
101,10809.0,Project approval procedures,Project approver. |receiver_place: Provincial public administration center |time_process: 20 days |cost: Fee waived |link: https://dichvucong.thuathienhue.gov.vn/tthc/pid/10809
102,10809.0,How to submit a project for approval,Project approver. |receiver_place: Provincial public administration center |time_process: 20 days |cost: Fee waived |link: https://dichvucong.thuathienhue.gov.vn/tthc/pid/10809
103,10809.0,Project approval documents,Project approver. |receiver_place: Provincial public administration center |time_process: 20 days |cost: Fee waived |link: https://dichvucong.thuathienhue.gov.vn/tthc/pid/10809
104,10809.0,Project approval steps,Project approver. |receiver_place: Provincial public administration center |time_process: 20 days |cost: Fee waived |link: https://dichvucong.thuathienhue.gov.vn/tthc/pid/10809
105,8927.0,Appraisal of construction design and estimates,Appraisal of construction design and estimates |receiver_place: Provincial public administration center |time_process: 5 days |cost: Fee waived |link: https://dichvucong.thuathienhue.gov.vn/tthc/pid/8927
106,8927.0,Procedures for appraising construction design and estimates,Appraisal of construction design and estimates |receiver_place: Provincial public administration center |time_process: 5 days |cost: Fee waived |link: https://dichvucong.thuathienhue.gov.vn/tthc/pid/8927
107,8927.0,How to apply for appraisal of construction design and estimate,Appraisal of construction design and estimates |receiver_place: Provincial public administration center |time_process: 5 days |cost: Fee waived |link: https://dichvucong.thuathienhue.gov.vn/tthc/pid/8927
108,12550.0,"Submit for approval of project adjustments, construction designs and estimates","Submit for approval of project adjustments, construction designs and estimates |receiver_place: Provincial public administration center |time_process: 20 days |cost: Fee waived |link: https://dichvucong.thuathienhue.gov.vn/tthc/pid/12550"
109,12550.0,Procedures for approving project adjustments,"Submit for approval of project adjustments, construction designs and estimates |receiver_place: Provincial public administration center |time_process: 20 days |cost: Fee waived |link: https://dichvucong.thuathienhue.gov.vn/tthc/pid/12550"
110,12550.0,Procedures for approving construction designs and estimates,"Submit for approval of project adjustments, construction designs and estimates |receiver_place: Provincial public administration center |time_process: 20 days |cost: Fee waived |link: https://dichvucong.thuathienhue.gov.vn/tthc/pid/12550"
111,12550.0,Documents approving construction design and estimates,"Submit for approval of project adjustments, construction designs and estimates |receiver_place: Provincial public administration center |time_process: 20 days |cost: Fee waived |link: https://dichvucong.thuathienhue.gov.vn/tthc/pid/12550"
112,12550.0,Project approval documents,"Submit for approval of project adjustments, construction designs and estimates |receiver_place: Provincial public administration center |time_process: 20 days |cost: Fee waived |link: https://dichvucong.thuathienhue.gov.vn/tthc/pid/12550"
113,12550.0,Steps to approve project adjustments and construction designs,"Submit for approval of project adjustments, construction designs and estimates |receiver_place: Provincial public administration center |time_process: 20 days |cost: Fee waived |link: https://dichvucong.thuathienhue.gov.vn/tthc/pid/12550"
114,12551.0,Appraisal of construction design and estimates,Appraisal of construction design and estimates |receiver_place: Provincial public administration center |time_process: 20 days |cost: Fee waived |link: https://dichvucong.thuathienhue.gov.vn/tthc/pid/12551
115,12551.0,Procedures for appraising construction designs and estimates,Appraisal of construction design and estimates |receiver_place: Provincial public administration center |time_process: 20 days |cost: Fee waived |link: https://dichvucong.thuathienhue.gov.vn/tthc/pid/12551
116,12551.0,Documents to evaluate construction design and estimates,Appraisal of construction design and estimates |receiver_place: Provincial public administration center |time_process: 20 days |cost: Fee waived |link: https://dichvucong.thuathienhue.gov.vn/tthc/pid/12551
117,12551.0,Documents for appraisal of construction design and estimates,Appraisal of construction design and estimates |receiver_place: Provincial public administration center |time_process: 20 days |cost: Fee waived |link: https://dichvucong.thuathienhue.gov.vn/tthc/pid/12551
118,12551.0,Steps to evaluate construction design and estimates,Appraisal of construction design and estimates |receiver_place: Provincial public administration center |time_process: 20 days |cost: Fee waived |link: https://dichvucong.thuathienhue.gov.vn/tthc/pid/12551
119,12551.0,How to evaluate construction design and estimates,Appraisal of construction design and estimates |receiver_place: Provincial public administration center |time_process: 20 days |cost: Fee waived |link: https://dichvucong.thuathienhue.gov.vn/tthc/pid/12551
120,12616.0,Appraisal of Investor Selection Plan,Appraisal of Investor Selection Plan |receiver_place: Provincial public administration center |time_process: 30 days |cost: See procedure details |link: https://dichvucong.thuathienhue.gov.vn/tthc/pid/12616
121,12616.0,Procedures for appraising investor selection plans,Appraisal of Investor Selection Plan |receiver_place: Provincial public administration center |time_process: 30 days |cost: See procedure details |link: https://dichvucong.thuathienhue.gov.vn/tthc/pid/12616
122,12616.0,Dossier for appraisal of investor selection plan,Appraisal of Investor Selection Plan |receiver_place: Provincial public administration center |time_process: 30 days |cost: See procedure details |link: https://dichvucong.thuathienhue.gov.vn/tthc/pid/12616
123,12616.0,Steps to evaluate investor selection plans,Appraisal of Investor Selection Plan |receiver_place: Provincial public administration center |time_process: 30 days |cost: See procedure details |link: https://dichvucong.thuathienhue.gov.vn/tthc/pid/12616
124,12616.0,Do the appraisal of the investor selection plan,Appraisal of Investor Selection Plan |receiver_place: Provincial public administration center |time_process: 30 days |cost: See procedure details |link: https://dichvucong.thuathienhue.gov.vn/tthc/pid/12616
125,12616.0,Choose whether the investor needs appraisal or not,Appraisal of Investor Selection Plan |receiver_place: Provincial public administration center |time_process: 30 days |cost: See procedure details |link: https://dichvucong.thuathienhue.gov.vn/tthc/pid/12616
126,12564.0,Appraisal of investor selection results,Appraisal of investor selection results |receiver_place: Provincial public administration center |time_process: 30 days |cost: See procedure details |link: https://dichvucong.thuathienhue.gov.vn/tthc/pid/12564
127,12564.0,Procedures for appraising investor selection results,Appraisal of investor selection results |receiver_place: Provincial public administration center |time_process: 30 days |cost: See procedure details |link: https://dichvucong.thuathienhue.gov.vn/tthc/pid/12564
128,12564.0,Documents for appraisal of investor selection results,Appraisal of investor selection results |receiver_place: Provincial public administration center |time_process: 30 days |cost: See procedure details |link: https://dichvucong.thuathienhue.gov.vn/tthc/pid/12564
129,12564.0,Steps to evaluate investor selection results,Appraisal of investor selection results |receiver_place: Provincial public administration center |time_process: 30 days |cost: See procedure details |link: https://dichvucong.thuathienhue.gov.vn/tthc/pid/12564
130,12564.0,Do a dental appraisal of the results of choosing an investor,Appraisal of investor selection results |receiver_place: Provincial public administration center |time_process: 30 days |cost: See procedure details |link: https://dichvucong.thuathienhue.gov.vn/tthc/pid/12564
131,12564.0,How to evaluate the results of choosing investors,Appraisal of investor selection results |receiver_place: Provincial public administration center |time_process: 30 days |cost: See procedure details |link: https://dichvucong.thuathienhue.gov.vn/tthc/pid/12564
132,12562.0,Evaluate bidding documents and investor selection request documents,Evaluate bidding documents and investor selection request documents |receiver_place: Provincial public administration center |time_process: 30 days |cost: See procedure details |link: https://dichvucong.thuathienhue.gov.vn/tthc/pid/12562
133,12562.0,Procedures for evaluating bidding documents,Evaluate bidding documents and investor selection request documents |receiver_place: Provincial public administration center |time_process: 30 days |cost: See procedure details |link: https://dichvucong.thuathienhue.gov.vn/tthc/pid/12562
134,12562.0,Procedures for appraising documents requesting investor selection,Evaluate bidding documents and investor selection request documents |receiver_place: Provincial public administration center |time_process: 30 days |cost: See procedure details |link: https://dichvucong.thuathienhue.gov.vn/tthc/pid/12562
135,12562.0,Steps to evaluate bidding documents and investor selection request documents,Evaluate bidding documents and investor selection request documents |receiver_place: Provincial public administration center |time_process: 30 days |cost: See procedure details |link: https://dichvucong.thuathienhue.gov.vn/tthc/pid/12562
136,12562.0,Perform appraisal of bidding documents,Evaluate bidding documents and investor selection request documents |receiver_place: Provincial public administration center |time_process: 30 days |cost: See procedure details |link: https://dichvucong.thuathienhue.gov.vn/tthc/pid/12562
137,12562.0,Do appraisal of documents required to select investors,Evaluate bidding documents and investor selection request documents |receiver_place: Provincial public administration center |time_process: 30 days |cost: See procedure details |link: https://dichvucong.thuathienhue.gov.vn/tthc/pid/12562
138,8908.0,Appraisal of Investor Selection Plan,Appraisal of Investor Selection Plan |receiver_place: Provincial public administration center |time_process: 7 days |cost: Fee waived |link: https://dichvucong.thuathienhue.gov.vn/tthc/pid/8908
139,8908.0,Procedures for appraising investor selection plans,Appraisal of Investor Selection Plan |receiver_place: Provincial public administration center |time_process: 7 days |cost: Fee waived |link: https://dichvucong.thuathienhue.gov.vn/tthc/pid/8908
140,8908.0,How to apply for appraisal of investor selection plan,Appraisal of Investor Selection Plan |receiver_place: Provincial public administration center |time_process: 7 days |cost: Fee waived |link: https://dichvucong.thuathienhue.gov.vn/tthc/pid/8908
141,8909.0,Evaluate bidding documents and investor selection request documents,Evaluate bidding documents and investor selection request documents |receiver_place: Provincial public administration center |time_process: 7 days |cost: See procedure details |link: https://dichvucong.thuathienhue.gov.vn/tthc/pid/8909
142,8909.0,Evaluation of bidding documents,Evaluate bidding documents and investor selection request documents |receiver_place: Provincial public administration center |time_process: 7 days |cost: See procedure details |link: https://dichvucong.thuathienhue.gov.vn/tthc/pid/8909
143,8909.0,Appraisal of documents requesting investor selection,Evaluate bidding documents and investor selection request documents |receiver_place: Provincial public administration center |time_process: 7 days |cost: See procedure details |link: https://dichvucong.thuathienhue.gov.vn/tthc/pid/8909
144,8911.0,Appraisal of investor selection results,Appraisal of investor selection results |receiver_place: Provincial public administration center |time_process: 5 days |cost: See procedure details |link: https://dichvucong.thuathienhue.gov.vn/tthc/pid/8911
145,8911.0,Procedures for appraising investor selection results,Appraisal of investor selection results |receiver_place: Provincial public administration center |time_process: 5 days |cost: See procedure details |link: https://dichvucong.thuathienhue.gov.vn/tthc/pid/8911
146,8911.0,Steps to evaluate investor selection results,Appraisal of investor selection results |receiver_place: Provincial public administration center |time_process: 5 days |cost: See procedure details |link: https://dichvucong.thuathienhue.gov.vn/tthc/pid/8911
147,19607.0,Expert confirmation,Expert confirmation |receiver_place:  |time_process:  |cost:  |link: https://dichvucong.thuathienhue.gov.vn/tthc/pid/19607
148,19607.0,Confirm experts of programs using ODA capital,Expert confirmation |receiver_place:  |time_process:  |cost:  |link: https://dichvucong.thuathienhue.gov.vn/tthc/pid/19607
149,19607.0,Confirm experts of projects using ODA capital,Expert confirmation |receiver_place:  |time_process:  |cost:  |link: https://dichvucong.thuathienhue.gov.vn/tthc/pid/19607
150,19607.0,Procedures for certifying experts of programs using ODA capital,Expert confirmation |receiver_place:  |time_process:  |cost:  |link: https://dichvucong.thuathienhue.gov.vn/tthc/pid/19607
151,19607.0,Procedures for certifying experts of projects using ODA capital,Expert confirmation |receiver_place:  |time_process:  |cost:  |link: https://dichvucong.thuathienhue.gov.vn/tthc/pid/19607
152,19607.0,How to request expert confirmation for a project using ODA capital,Expert confirmation |receiver_place:  |time_process:  |cost:  |link: https://dichvucong.thuathienhue.gov.vn/tthc/pid/19607
153,19565.0,Notice of establishment of business location,Notice of establishment of business location |receiver_place:  |time_process:  |cost:  |link: https://dichvucong.thuathienhue.gov.vn/tthc/pid/19565
154,19565.0,Procedures for establishing a business location,Notice of establishment of business location |receiver_place:  |time_process:  |cost:  |link: https://dichvucong.thuathienhue.gov.vn/tthc/pid/19565
155,19565.0,Necessary documents to establish a business location,Notice of establishment of business location |receiver_place:  |time_process:  |cost:  |link: https://dichvucong.thuathienhue.gov.vn/tthc/pid/19565
156,19517.0,Notice of change in tax registration content (except for change in tax calculation method), Notice of change in tax registration content |receiver_place:  |time_process:  |cost:  |link: https://dichvucong.thuathienhue.gov.vn/tthc/pid/19517
157,19517.0,Procedures for changing tax registration content, Notice of change in tax registration content |receiver_place:  |time_process:  |cost:  |link: https://dichvucong.thuathienhue.gov.vn/tthc/pid/19517
158,19517.0,Please change the tax registration content, Notice of change in tax registration content |receiver_place:  |time_process:  |cost:  |link: https://dichvucong.thuathienhue.gov.vn/tthc/pid/19517
159,17403.0,Register to establish a one-member LLC,"Register to establish a one-member LLC |receiver_place: Provincial public administration center |time_process: 3 days |cost: 50,000 VND/time |link: https://dichvucong.thuathienhue.gov.vn/tthc/pid/17403"
160,17403.0,Procedures for establishing a one-member LLC,"Register to establish a one-member LLC |receiver_place: Provincial public administration center |time_process: 3 days |cost: 50,000 VND/time |link: https://dichvucong.thuathienhue.gov.vn/tthc/pid/17403"
161,17403.0,How to establish a one-member LLC,"Register to establish a one-member LLC |receiver_place: Provincial public administration center |time_process: 3 days |cost: 50,000 VND/time |link: https://dichvucong.thuathienhue.gov.vn/tthc/pid/17403"
162,17423.0,Register to establish a LLC with two or more members,"Register to establish a LLC with two or more members |receiver_place: Provincial public administration center |time_process: 3 days |cost: 50,000 VND/time |link: https://dichvucong.thuathienhue.gov.vn/tthc/pid/17423"
163,17423.0,Procedures for establishing a LLC with two or more members,"Register to establish a LLC with two or more members |receiver_place: Provincial public administration center |time_process: 3 days |cost: 50,000 VND/time |link: https://dichvucong.thuathienhue.gov.vn/tthc/pid/17423"
164,17423.0,How to establish a two-member LLC,"Register to establish a LLC with two or more members |receiver_place: Provincial public administration center |time_process: 3 days |cost: 50,000 VND/time |link: https://dichvucong.thuathienhue.gov.vn/tthc/pid/17423"
165,17390.0,Dissolution of the enterprise,Dissolution of the enterprise |receiver_place: Provincial public administration center |time_process: 5 days |cost: Fee waived |link: https://dichvucong.thuathienhue.gov.vn/tthc/pid/17390
166,17390.0,Enterprise dissolution procedure,Dissolution of the enterprise |receiver_place: Provincial public administration center |time_process: 5 days |cost: Fee waived |link: https://dichvucong.thuathienhue.gov.vn/tthc/pid/17390
167,17390.0,How to dissolve a business,Dissolution of the enterprise |receiver_place: Provincial public administration center |time_process: 5 days |cost: Fee waived |link: https://dichvucong.thuathienhue.gov.vn/tthc/pid/17390
168,17393.0,Please correct your business registration information,
169,17393.0,How to edit business registration information,
170,17873.0,Register to establish a joint stock company,"Register to establish a joint stock company |receiver_place: Provincial public administration center |time_process: 3 days |cost: 50,000 VND/time |link: https://dichvucong.thuathienhue.gov.vn/tthc/pid/17873"
171,17873.0,Procedures for setting up a joint stock company,"Register to establish a joint stock company |receiver_place: Provincial public administration center |time_process: 3 days |cost: 50,000 VND/time |link: https://dichvucong.thuathienhue.gov.vn/tthc/pid/17873"
172,17873.0,Steps to establish a joint stock company,"Register to establish a joint stock company |receiver_place: Provincial public administration center |time_process: 3 days |cost: 50,000 VND/time |link: https://dichvucong.thuathienhue.gov.vn/tthc/pid/17873"
173,17707.0,"Notice of change in business lines (for private enterprises, limited liability companies, joint stock companies, partnerships)"," Notification of changes in business lines |receiver_place: Provincial public administration center |time_process: 3 days |cost: 50,000 VND/time |link: https://dichvucong.thuathienhue.gov.vn/tthc/pid/17707"
174,17707.0,Procedures for changing business lines," Notification of changes in business lines |receiver_place: Provincial public administration center |time_process: 3 days |cost: 50,000 VND/time |link: https://dichvucong.thuathienhue.gov.vn/tthc/pid/17707"
175,17707.0,How to change industries and businesses," Notification of changes in business lines |receiver_place: Provincial public administration center |time_process: 3 days |cost: 50,000 VND/time |link: https://dichvucong.thuathienhue.gov.vn/tthc/pid/17707"
176,17877.0,Register to change the legal representative of a limited liability company or joint stock company,"Register to change the legal representative of a limited liability company or joint stock company |receiver_place: Provincial public administration center |time_process: 3 days |cost: 50,000 VND/time |link: https://dichvucong.thuathienhue.gov.vn/tthc/pid/17877"
177,17877.0,How to change the company's legal representative,"Register to change the legal representative of a limited liability company or joint stock company |receiver_place: Provincial public administration center |time_process: 3 days |cost: 50,000 VND/time |link: https://dichvucong.thuathienhue.gov.vn/tthc/pid/17877"
178,17877.0,Steps to change the company's legal representative,"Register to change the legal representative of a limited liability company or joint stock company |receiver_place: Provincial public administration center |time_process: 3 days |cost: 50,000 VND/time |link: https://dichvucong.thuathienhue.gov.vn/tthc/pid/17877"
179,17523.0,"Issuing relocation permits for special level, level I, level II works (works without lines/Lines in urban areas/Beliefs, religions/Monuments, monumental paintings/According to phases for the project not according to the line/By phase for works according to the line in the urban area/Project).","Issue relocation permits for special level, level I, level II works |receiver_place: Provincial public administration center |time_process: 12 days |cost: 100,000 VND |link: https://dichvucong.thuathienhue.gov.vn/tthc/pid/17523"
183,17524.0,"Issuing relocation permits for level III and level IV works (works not along lines/Lines in urban areas/Beliefs, religions/Monuments, monumental paintings/In stages for works not along lines/ By phase for linear construction in urban areas/Projects) and individual houses.","Issue relocation permits for level III, level IV works and individual houses. |receiver_place: Provincial public administration center |time_process: 12 days |cost: 100,000 VND |link: https://dichvucong.thuathienhue.gov.vn/tthc/pid/17524"
188,17527.0,"Renewal of construction permits for special grade, grade I, grade II projects (non-line/line-based works in urban areas/Beliefs, religions/Monuments, monumental paintings/In stages for construction Non-line construction/Phase for linear construction in urban areas/Projects).","Extension of construction permits for special grade, grade I, grade II projects |receiver_place: Provincial public administration center |time_process: 5 days |cost: 10,000 VND |link: https://dichvucong.thuathienhue.gov.vn/tthc/pid/17527"
192,17568.0,"Issuing relocation permits for level III and level IV works (non-line works/Line-based works in urban areas/Beliefs, religions/Monuments, monumental paintings/In stages for non-line works/ By phase for linear construction in urban areas/Projects) and individual houses","Issue relocation permits for level III, level IV works and individual houses |receiver_place: Provincial public administration center |time_process: 12 days |cost: 100,000 VND/license |link: https://dichvucong.thuathienhue.gov.vn/tthc/pid/17568"
194,19216.0,"Land allocation or land lease is not through the form of auction of land use rights for projects that do not have to be submitted to a competent state agency for approval; The project does not require an investment certificate; In cases where a construction investment project is not required, the person applying for land allocation or land lease is an organization, religious establishment, Vietnamese residing abroad, a foreign-invested enterprise, or an organization. Foreign countries have diplomatic functions",How to allocate or lease land without auctioning land use rights for projects that do not have to be submitted to a competent state agency for approval |receiver_place:  |time_process:  |cost:  |link: https://dichvucong.thuathienhue.gov.vn/tthc/pid/19216
197,19218.0,"Land recovery due to termination of land use according to law, voluntary return of land in cases of land recovery from organizations, religious establishments, foreign organizations with diplomatic functions, and Vietnamese settlers In foreign countries, enterprises with foreign investment capital.",Land recovery due to termination of land use according to law |receiver_place:  |time_process:  |cost:  |link: https://dichvucong.thuathienhue.gov.vn/tthc/pid/19218
201,17585.0,"Inspect the acceptance of completed projects (for projects in the area under the management responsibility of the Department of Construction and Department of specialized construction management, except for projects under the inspection authority of the Association). State inspection council on acceptance of construction works and specialized construction agencies under the Ministry of Construction, Ministry of specialized construction management).",Checking the acceptance of completed projects |receiver_place: Provincial public administration center |time_process: 20 days |cost: See procedure details |link: https://dichvucong.thuathienhue.gov.vn/tthc/pid/17585
208,17525.0,"Issuance of new construction permits for special level, level I, level II works (works not according to lines/Lines in urban areas/Beliefs, religions/Monuments, monumental paintings/In stages for construction Non-line construction/Phase for linear construction in urban areas/Projects).","Issuance of construction permit adjustments for special level, level I, level II works |receiver_place: Provincial public administration center |time_process: 20 days |cost: 100,000 VND |link: https://dichvucong.thuathienhue.gov.vn/tthc/pid/17525"
213,17529.0,"Re-issuance of construction permits for special grade, grade I, grade II projects (non-line/line-based works in urban areas/Beliefs, religions/Monuments, monumental paintings/In stages for construction Non-line construction/Phase for linear construction in urban areas/Projects).","Re-issuance of construction permits for special level, level I and level II projects |receiver_place: Provincial public administration center |time_process: 5 days |cost: 10,000 VND |link: https://dichvucong.thuathienhue.gov.vn/tthc/pid/17529"
217,17519.0,"Issuance of new construction permits for special level, level I, level II works (works not according to lines/Lines in urban areas/Beliefs, religions/Monuments, monumental paintings/In stages for construction Non-line construction/Phase for linear construction in urban areas/Projects).","Issuing new construction permits for special level, level I and level II projects |receiver_place: Provincial public administration center |time_process: 12 days |cost: 100,000 VND |link: https://dichvucong.thuathienhue.gov.vn/tthc/pid/17519"
221,17521.0,"Issuing construction permits, repairs and renovations for special level, level I and level II works (works not following lines/Lines in urban areas/Beliefs, religions/Monuments, monumental paintings/According to Phases for non-line projects/Phases for linear projects in urban areas/Projects).","Issuing construction, repair and renovation permits for special level, level I and level II works |receiver_place: Provincial public administration center |time_process: 12 days |cost: 100,000 VND |link: https://dichvucong.thuathienhue.gov.vn/tthc/pid/17521"
225,17526.0,"Issuance of adjusted construction permits for level III and level IV works (non-line/line-based works in urban areas/Beliefs, religions/Monuments, monumental paintings/In stages for non-line projects line/Phase for line-based construction in urban areas/Projects) and individual houses.","Issuance of construction permit adjustments for level III, level IV works and individual houses. |receiver_place: Provincial public administration center |time_process: 12 days |cost: 100,000 VND |link: https://dichvucong.thuathienhue.gov.vn/tthc/pid/17526"
228,17522.0,"Issuing construction permits, repairs and renovations for level III and level IV works (works without lines/Lines in urban areas/Beliefs, religions/Monuments, monumental paintings/In stages for construction Non-line construction/Phase for linear construction in urban areas/Projects) and individual houses.","Issuing construction permits, repairs and renovations for level III, level IV works and individual houses. |receiver_place: Provincial public administration center |time_process: 12 days |cost: 100,000 VND |link: https://dichvucong.thuathienhue.gov.vn/tthc/pid/17522"
232,17520.0,"Issuing new construction permits for level III and level IV works (non-line works/Line-following projects in urban areas/Beliefs, religions/Monuments, monumental paintings/In stages for non-line projects /Per phase for linear construction in urban areas/Projects) and individual houses","Issue new construction permits for level III, level IV projects and individual houses |receiver_place: Provincial public administration center |time_process: 12 days |cost: 100,000 VND |link: https://dichvucong.thuathienhue.gov.vn/tthc/pid/17520"
236,17530.0,"Re-issuance of construction permits for level III and level IV works (non-line works/Line-based projects in urban areas/Beliefs, religions/Monuments, monumental paintings/In stages for non-line projects /Per phase for linear construction in urban areas/Projects) and individual houses.","Re-issuance of construction permits for level III, level IV projects and individual houses. |receiver_place: Provincial public administration center |time_process: 5 days |cost: 10,000 VND |link: https://dichvucong.thuathienhue.gov.vn/tthc/pid/17530"
240,17571.0,"Re-issuance of construction permits for level III and level IV works (non-line works/Line-following projects in urban areas/Beliefs, religions/Monuments, monumental paintings/In stages for non-line projects /Per phase for linear construction in urban areas/Projects) and individual houses","Re-issuance of construction permits for level III, level IV projects and individual houses |receiver_place: Provincial public administration center |time_process: 5 days |cost: 100,000 VND/license |link: https://dichvucong.thuathienhue.gov.vn/tthc/pid/17571"
245,17566.0,"Issuing new construction permits for grade III and IV works (works not following a line/Line following urban areas/Beliefs, religions/Monuments, monumental paintings/In stages for works not following a line/ By phase for linear construction in urban areas/Projects) and individual houses","Issuing new construction permits for grade III, IV buildings and individual houses |receiver_place: Provincial public administration center |time_process: 12 days |cost: 100,000 VND/license |link: https://dichvucong.thuathienhue.gov.vn/tthc/pid/17566"
254,17567.0,"Issuing construction permits, repairs and renovations for level III and level IV works (works without lines/Lines in urban areas/Beliefs, religions/Monuments, monumental paintings/In stages for construction Non-line construction/Phase for linear construction in urban areas/Projects) and individual houses","Issuing construction permits, repairs and renovations for level III, level IV works and individual houses |receiver_place: Provincial public administration center |time_process: 12 days |cost: 100,000 VND/license |link: https://dichvucong.thuathienhue.gov.vn/tthc/pid/17567"
255,17569.0,"Issuance of adjusted construction permits for level III and IV works (non-line works/Line-following projects in urban areas/Beliefs, religions/Monuments, monumental paintings/In stages for non-line projects /Per phase for linear construction in urban areas/Projects) and individual houses","Issuance of construction permit adjustments for level III, IV works and individual houses |receiver_place: Provincial public administration center |time_process: 12 days |cost: 100,000 VND/license |link: https://dichvucong.thuathienhue.gov.vn/tthc/pid/17569"
259,17528.0,"Renewal of construction permits for level III and level IV works (non-line works/Line-based projects in urban areas/Beliefs, religions/Monuments, monumental paintings/In stages for non-line projects /Per phase for linear construction in urban areas/Projects) and individual houses","Renewal of construction permits for level III, level IV projects and individual houses. |receiver_place: Provincial public administration center |time_process: 5 days |cost: 10,000 VND |link: https://dichvucong.thuathienhue.gov.vn/tthc/pid/17528"
263,17570.0,"Extension of construction permits for level III and level IV works (non-line/line-based works in urban areas/Beliefs, religions/Monuments, monumental paintings/In stages for non-line projects /Per phase for linear construction in urban areas/Projects) and individual houses","Renewal of construction permits for level III, level IV projects and individual houses |receiver_place: Provincial public administration center |time_process: 5 days |cost: 10,000 VND/time extension |link: https://dichvucong.thuathienhue.gov.vn/tthc/pid/17570"
319,16937.0,Procedures for approving investment policies of the Provincial People's Committee for golf course construction and business investment projects,Procedures for approving investment policies of the Provincial People's Committee for golf course construction and business investment projects |receiver_place: Provincial public administration center |time_process: 35 days |cost: Fee waived |link: https://dichvucong.thuathienhue.gov.vn/tthc/pid/16937
